00-frame/questions/Q-01.md	570	вопрос
00-frame/questions/Q-02.md	498	вопрос
00-frame/questions/Q-03.md	517	вопрос
00-frame/questions/Q-04.md	524	вопрос
00-frame/questions/Q-05.md	643	вопрос
00-frame/questions/Q-06.md	633	вопрос
00-frame/questions/Q-07.md	712	вопрос
00-frame/questions/Q-08.md	525	вопрос
00-frame/questions/Q-09.md	720	вопрос
00-frame/questions/Q-10.md	621	вопрос
00-frame/questions/Q-100.md	866	вопрос
00-frame/questions/Q-101.md	647	вопрос
00-frame/questions/Q-102.md	1266	вопрос
00-frame/questions/Q-103.md	938	вопрос
00-frame/questions/Q-104.md	916	вопрос
00-frame/questions/Q-105.md	881	вопрос
00-frame/questions/Q-106.md	981	вопрос
00-frame/questions/Q-107.md	1141	вопрос
00-frame/questions/Q-108.md	772	вопрос
00-frame/questions/Q-109.md	933	вопрос
00-frame/questions/Q-11.md	758	вопрос
00-frame/questions/Q-110.md	945	вопрос
00-frame/questions/Q-111.md	940	вопрос
00-frame/questions/Q-112.md	924	вопрос
00-frame/questions/Q-113.md	1014	вопрос
00-frame/questions/Q-114.md	946	вопрос
00-frame/questions/Q-115.md	886	вопрос
00-frame/questions/Q-116.md	737	вопрос
00-frame/questions/Q-117.md	746	вопрос
00-frame/questions/Q-118.md	1242	вопрос
00-frame/questions/Q-119.md	962	вопрос
00-frame/questions/Q-12.md	661	вопрос
00-frame/questions/Q-120.md	827	вопрос
00-frame/questions/Q-121.md	658	вопрос
00-frame/questions/Q-122.md	737	вопрос
00-frame/questions/Q-123.md	817	вопрос
00-frame/questions/Q-124.md	694	вопрос
00-frame/questions/Q-125.md	780	вопрос
00-frame/questions/Q-126.md	1087	вопрос
00-frame/questions/Q-127.md	1057	вопрос
00-frame/questions/Q-128.md	871	вопрос
00-frame/questions/Q-129.md	924	вопрос
00-frame/questions/Q-13.md	587	вопрос
00-frame/questions/Q-130.md	840	вопрос
00-frame/questions/Q-131.md	1052	вопрос
00-frame/questions/Q-132.md	792	вопрос
00-frame/questions/Q-133.md	1054	вопрос
00-frame/questions/Q-134.md	943	вопрос
00-frame/questions/Q-135.md	661	вопрос
00-frame/questions/Q-136.md	825	вопрос
00-frame/questions/Q-137.md	962	вопрос
00-frame/questions/Q-138.md	810	вопрос
00-frame/questions/Q-139.md	1054	вопрос
00-frame/questions/Q-14.md	639	вопрос
00-frame/questions/Q-140.md	1076	вопрос
00-frame/questions/Q-141.md	823	вопрос
00-frame/questions/Q-142.md	998	вопрос
00-frame/questions/Q-143.md	1167	вопрос
00-frame/questions/Q-144.md	1327	вопрос
00-frame/questions/Q-145.md	914	вопрос
00-frame/questions/Q-146.md	1608	вопрос
00-frame/questions/Q-147.md	1834	вопрос
00-frame/questions/Q-148.md	1061	вопрос
00-frame/questions/Q-149.md	1269	вопрос
00-frame/questions/Q-15.md	699	вопрос
00-frame/questions/Q-150.md	1024	вопрос
00-frame/questions/Q-151.md	1347	вопрос
00-frame/questions/Q-152.md	1191	вопрос
00-frame/questions/Q-153.md	1733	вопрос
00-frame/questions/Q-154.md	1387	вопрос
00-frame/questions/Q-155.md	2527	вопрос
00-frame/questions/Q-156.md	1890	вопрос
00-frame/questions/Q-157.md	1909	вопрос
00-frame/questions/Q-158.md	2188	вопрос
00-frame/questions/Q-159.md	1822	вопрос
00-frame/questions/Q-16.md	629	вопрос
00-frame/questions/Q-160.md	1798	вопрос
00-frame/questions/Q-161.md	2281	вопрос
00-frame/questions/Q-162.md	1521	вопрос
00-frame/questions/Q-163.md	1671	вопрос
00-frame/questions/Q-164.md	1706	вопрос
00-frame/questions/Q-165.md	3482	вопрос
00-frame/questions/Q-166.md	1912	вопрос
00-frame/questions/Q-167.md	2274	вопрос
00-frame/questions/Q-168.md	3421	вопрос
00-frame/questions/Q-169.md	4221	вопрос
00-frame/questions/Q-17.md	678	вопрос
00-frame/questions/Q-170.md	4449	вопрос
00-frame/questions/Q-171.md	2435	вопрос
00-frame/questions/Q-172.md	6554	вопрос
00-frame/questions/Q-173.md	4966	вопрос
00-frame/questions/Q-174.md	4295	вопрос
00-frame/questions/Q-175.md	3810	вопрос
00-frame/questions/Q-176.md	5027	вопрос
00-frame/questions/Q-177.md	7670	вопрос
00-frame/questions/Q-178.md	4928	вопрос
00-frame/questions/Q-179.md	28635	вопрос
00-frame/questions/Q-18.md	708	вопрос
00-frame/questions/Q-180.md	3747	вопрос
00-frame/questions/Q-181.md	35644	вопрос
00-frame/questions/Q-182.md	5177	вопрос
00-frame/questions/Q-183.md	7309	вопрос
00-frame/questions/Q-184.md	5491	вопрос
00-frame/questions/Q-185.md	4449	вопрос
00-frame/questions/Q-186.md	5465	вопрос
00-frame/questions/Q-187.md	3398	вопрос
00-frame/questions/Q-188.md	4445	вопрос
00-frame/questions/Q-189.md	6174	вопрос
00-frame/questions/Q-19.md	706	вопрос
00-frame/questions/Q-190.md	6030	вопрос
00-frame/questions/Q-191.md	6511	вопрос
00-frame/questions/Q-192.md	4757	вопрос
00-frame/questions/Q-193.md	4667	вопрос
00-frame/questions/Q-194.md	14593	вопрос
00-frame/questions/Q-195.md	7163	вопрос
00-frame/questions/Q-196.md	6975	вопрос
00-frame/questions/Q-197.md	6346	вопрос
00-frame/questions/Q-198.md	2262	вопрос
00-frame/questions/Q-199.md	3868	вопрос
00-frame/questions/Q-20.md	764	вопрос
00-frame/questions/Q-200.md	5430	вопрос
00-frame/questions/Q-201.md	1941	вопрос
00-frame/questions/Q-202.md	5075	вопрос
00-frame/questions/Q-203.md	2072	вопрос
00-frame/questions/Q-204.md	1614	вопрос
00-frame/questions/Q-205.md	2452	вопрос
00-frame/questions/Q-206.md	2773	вопрос
00-frame/questions/Q-207.md	6533	вопрос
00-frame/questions/Q-208.md	1885	вопрос
00-frame/questions/Q-209.md	3611	вопрос
00-frame/questions/Q-21.md	611	вопрос
00-frame/questions/Q-210.md	4649	вопрос
00-frame/questions/Q-211.md	4618	вопрос
00-frame/questions/Q-212.md	5422	вопрос
00-frame/questions/Q-213.md	5573	вопрос
00-frame/questions/Q-214.md	4679	вопрос
00-frame/questions/Q-215.md	5415	вопрос
00-frame/questions/Q-216.md	6245	вопрос
00-frame/questions/Q-217.md	4206	вопрос
00-frame/questions/Q-218.md	5119	вопрос
00-frame/questions/Q-219.md	4654	вопрос
00-frame/questions/Q-22.md	725	вопрос
00-frame/questions/Q-220.md	5703	вопрос
00-frame/questions/Q-221.md	6554	вопрос
00-frame/questions/Q-222.md	7258	вопрос
00-frame/questions/Q-223.md	6124	вопрос
00-frame/questions/Q-224.md	8263	вопрос
00-frame/questions/Q-225.md	6467	вопрос
00-frame/questions/Q-226.md	4967	вопрос
00-frame/questions/Q-227.md	5349	вопрос
00-frame/questions/Q-228.md	6850	вопрос
00-frame/questions/Q-229.md	2165	вопрос
00-frame/questions/Q-23.md	670	вопрос
00-frame/questions/Q-230.md	4628	вопрос
00-frame/questions/Q-231.md	5570	вопрос
00-frame/questions/Q-232.md	5465	вопрос
00-frame/questions/Q-233.md	2912	вопрос
00-frame/questions/Q-234.md	2779	вопрос
00-frame/questions/Q-235.md	8706	вопрос
00-frame/questions/Q-236.md	3611	вопрос
00-frame/questions/Q-237.md	3304	вопрос
00-frame/questions/Q-238.md	1853	вопрос
00-frame/questions/Q-239.md	1862	вопрос
00-frame/questions/Q-240.md	5951	вопрос
00-frame/questions/Q-241.md	6117	вопрос
00-frame/questions/Q-242.md	4470	вопрос
00-frame/questions/Q-243.md	4672	вопрос
00-frame/questions/Q-244.md	4839	вопрос
00-frame/questions/Q-245.md	4899	вопрос
00-frame/questions/Q-246.md	10112	вопрос
00-frame/questions/Q-247.md	4100	вопрос
00-frame/questions/Q-248.md	4504	вопрос
00-frame/questions/Q-249.md	4512	вопрос
00-frame/questions/Q-25.md	742	вопрос
00-frame/questions/Q-250.md	4563	вопрос
00-frame/questions/Q-251.md	7236	вопрос
00-frame/questions/Q-252.md	4801	вопрос
00-frame/questions/Q-253.md	4419	вопрос
00-frame/questions/Q-254.md	6002	вопрос
00-frame/questions/Q-255.md	10932	вопрос
00-frame/questions/Q-256.md	4247	вопрос
00-frame/questions/Q-257.md	5771	вопрос
00-frame/questions/Q-258.md	6084	вопрос
00-frame/questions/Q-259.md	4757	вопрос
00-frame/questions/Q-26.md	709	вопрос
00-frame/questions/Q-260.md	4125	вопрос
00-frame/questions/Q-261.md	3689	вопрос
00-frame/questions/Q-262.md	5686	вопрос
00-frame/questions/Q-263.md	8951	вопрос
00-frame/questions/Q-264.md	5797	вопрос
00-frame/questions/Q-265.md	3776	вопрос
00-frame/questions/Q-266.md	4269	вопрос
00-frame/questions/Q-267.md	6563	вопрос
00-frame/questions/Q-268.md	6597	вопрос
00-frame/questions/Q-269.md	6259	вопрос
00-frame/questions/Q-27.md	674	вопрос
00-frame/questions/Q-270.md	4231	вопрос
00-frame/questions/Q-271.md	5636	вопрос
00-frame/questions/Q-272.md	5648	вопрос
00-frame/questions/Q-273.md	6897	вопрос
00-frame/questions/Q-274.md	6522	вопрос
00-frame/questions/Q-275.md	5763	вопрос
00-frame/questions/Q-276.md	11443	вопрос
00-frame/questions/Q-277.md	4674	вопрос
00-frame/questions/Q-278.md	4694	вопрос
00-frame/questions/Q-279.md	3439	вопрос
00-frame/questions/Q-28.md	663	вопрос
00-frame/questions/Q-280.md	4870	вопрос
00-frame/questions/Q-281.md	26461	вопрос
00-frame/questions/Q-282.md	25878	вопрос
00-frame/questions/Q-283.md	16909	вопрос
00-frame/questions/Q-284.md	16573	вопрос
00-frame/questions/Q-285.md	13232	вопрос
00-frame/questions/Q-286.md	6631	вопрос
00-frame/questions/Q-287.md	36057	вопрос
00-frame/questions/Q-288.md	58308	вопрос
00-frame/questions/Q-289.md	10586	вопрос
00-frame/questions/Q-29.md	711	вопрос
00-frame/questions/Q-290.md	17779	вопрос
00-frame/questions/Q-291.md	4669	вопрос
00-frame/questions/Q-293.md	44618	вопрос
00-frame/questions/Q-294.md	9568	вопрос
00-frame/questions/Q-295.md	9764	вопрос
00-frame/questions/Q-296.md	13445	вопрос
00-frame/questions/Q-297.md	7021	вопрос
00-frame/questions/Q-298.md	8553	вопрос
00-frame/questions/Q-299.md	15976	вопрос
00-frame/questions/Q-30.md	770	вопрос
00-frame/questions/Q-300.md	16784	вопрос
00-frame/questions/Q-301.md	14559	вопрос
00-frame/questions/Q-302.md	15154	вопрос
00-frame/questions/Q-303.md	12493	вопрос
00-frame/questions/Q-304.md	15652	вопрос
00-frame/questions/Q-305.md	13302	вопрос
00-frame/questions/Q-306.md	16884	вопрос
00-frame/questions/Q-307.md	8977	вопрос
00-frame/questions/Q-308.md	8354	вопрос
00-frame/questions/Q-309.md	8717	вопрос
00-frame/questions/Q-31.md	650	вопрос
00-frame/questions/Q-310.md	18172	вопрос
00-frame/questions/Q-311.md	22729	вопрос
00-frame/questions/Q-312.md	16362	вопрос
00-frame/questions/Q-313.md	9888	вопрос
00-frame/questions/Q-314.md	12770	вопрос
00-frame/questions/Q-315.md	18694	вопрос
00-frame/questions/Q-316.md	8820	вопрос
00-frame/questions/Q-317.md	13983	вопрос
00-frame/questions/Q-318.md	9331	вопрос
00-frame/questions/Q-319.md	14039	вопрос
00-frame/questions/Q-32.md	648	вопрос
00-frame/questions/Q-320.md	22125	вопрос
00-frame/questions/Q-321.md	12653	вопрос
00-frame/questions/Q-322.md	14253	вопрос
00-frame/questions/Q-323.md	10519	вопрос
00-frame/questions/Q-324.md	18963	вопрос
00-frame/questions/Q-325.md	21454	вопрос
00-frame/questions/Q-326.md	13347	вопрос
00-frame/questions/Q-327.md	9024	вопрос
00-frame/questions/Q-328.md	11664	вопрос
00-frame/questions/Q-329.md	8949	вопрос
00-frame/questions/Q-33.md	730	вопрос
00-frame/questions/Q-330.md	9019	вопрос
00-frame/questions/Q-331.md	13112	вопрос
00-frame/questions/Q-332.md	10590	вопрос
00-frame/questions/Q-333.md	9204	вопрос
00-frame/questions/Q-334.md	28634	вопрос
00-frame/questions/Q-335.md	23170	вопрос
00-frame/questions/Q-336.md	35095	вопрос
00-frame/questions/Q-337.md	10041	вопрос
00-frame/questions/Q-338.md	9538	вопрос
00-frame/questions/Q-339.md	8703	вопрос
00-frame/questions/Q-34.md	774	вопрос
00-frame/questions/Q-340.md	26943	вопрос
00-frame/questions/Q-341.md	6940	вопрос
00-frame/questions/Q-342.md	13661	вопрос
00-frame/questions/Q-343.md	9496	вопрос
00-frame/questions/Q-344.md	8208	вопрос
00-frame/questions/Q-345.md	15144	вопрос
00-frame/questions/Q-346.md	12225	вопрос
00-frame/questions/Q-347.md	7867	вопрос
00-frame/questions/Q-348.md	7189	вопрос
00-frame/questions/Q-349.md	9228	вопрос
00-frame/questions/Q-35.md	729	вопрос
00-frame/questions/Q-350.md	11552	вопрос
00-frame/questions/Q-351.md	7534	вопрос
00-frame/questions/Q-352.md	17348	вопрос
00-frame/questions/Q-353.md	9030	вопрос
00-frame/questions/Q-354.md	8650	вопрос
00-frame/questions/Q-355.md	7378	вопрос
00-frame/questions/Q-356.md	8381	вопрос
00-frame/questions/Q-357.md	9614	вопрос
00-frame/questions/Q-358.md	9934	вопрос
00-frame/questions/Q-359.md	11936	вопрос
00-frame/questions/Q-36.md	723	вопрос
00-frame/questions/Q-360.md	7931	вопрос
00-frame/questions/Q-361.md	15729	вопрос
00-frame/questions/Q-362.md	10153	вопрос
00-frame/questions/Q-363.md	15965	вопрос
00-frame/questions/Q-364.md	9021	вопрос
00-frame/questions/Q-365.md	6208	вопрос
00-frame/questions/Q-366.md	7115	вопрос
00-frame/questions/Q-367.md	5377	вопрос
00-frame/questions/Q-368.md	5468	вопрос
00-frame/questions/Q-37.md	662	вопрос
00-frame/questions/Q-40.md	857	вопрос
00-frame/questions/Q-41.md	724	вопрос
00-frame/questions/Q-42.md	626	вопрос
00-frame/questions/Q-43.md	795	вопрос
00-frame/questions/Q-44.md	616	вопрос
00-frame/questions/Q-45.md	472	вопрос
00-frame/questions/Q-46.md	671	вопрос
00-frame/questions/Q-47.md	584	вопрос
00-frame/questions/Q-50.md	687	вопрос
00-frame/questions/Q-51.md	822	вопрос
00-frame/questions/Q-52.md	652	вопрос
00-frame/questions/Q-53.md	691	вопрос
00-frame/questions/Q-54.md	753	вопрос
00-frame/questions/Q-55.md	683	вопрос
00-frame/questions/Q-56.md	713	вопрос
00-frame/questions/Q-57.md	753	вопрос
00-frame/questions/Q-58.md	664	вопрос
00-frame/questions/Q-59.md	656	вопрос
00-frame/questions/Q-60.md	634	вопрос
00-frame/questions/Q-61.md	662	вопрос
00-frame/questions/Q-62.md	695	вопрос
00-frame/questions/Q-63.md	730	вопрос
00-frame/questions/Q-64.md	677	вопрос
00-frame/questions/Q-65.md	811	вопрос
00-frame/questions/Q-66.md	815	вопрос
00-frame/questions/Q-70.md	625	вопрос
00-frame/questions/Q-71.md	653	вопрос
00-frame/questions/Q-72.md	724	вопрос
00-frame/questions/Q-73.md	588	вопрос
00-frame/questions/Q-74.md	663	вопрос
00-frame/questions/Q-75.md	661	вопрос
00-frame/questions/Q-76.md	672	вопрос
00-frame/questions/Q-77.md	635	вопрос
00-frame/questions/Q-78.md	623	вопрос
00-frame/questions/Q-79.md	1038	вопрос
00-frame/questions/Q-80.md	999	вопрос
00-frame/questions/Q-81.md	760	вопрос
00-frame/questions/Q-82.md	759	вопрос
00-frame/questions/Q-83.md	807	вопрос
00-frame/questions/Q-84.md	984	вопрос
00-frame/questions/Q-85.md	742	вопрос
00-frame/questions/Q-86.md	813	вопрос
00-frame/questions/Q-87.md	833	вопрос
00-frame/questions/Q-88.md	915	вопрос
00-frame/questions/Q-89.md	827	вопрос
00-frame/questions/Q-90.md	771	вопрос
00-frame/questions/Q-91.md	879	вопрос
00-frame/questions/Q-92.md	947	вопрос
00-frame/questions/Q-93.md	1126	вопрос
00-frame/questions/Q-94.md	889	вопрос
00-frame/questions/Q-95.md	1060	вопрос
00-frame/questions/Q-96.md	969	вопрос
00-frame/questions/Q-97.md	853	вопрос
00-frame/questions/Q-98.md	890	вопрос
00-frame/questions/Q-99.md	844	вопрос
60-runs/v1/M0.md	12174	выжимка
60-runs/v1/M0/M0-T1.md	2386	выжимка
60-runs/v1/M0/M0-T10.md	10369	выжимка
60-runs/v1/M0/M0-T11a.md	5256	выжимка
60-runs/v1/M0/M0-T11b.md	8269	выжимка
60-runs/v1/M0/M0-T11c.md	6801	выжимка
60-runs/v1/M0/M0-T2a.md	3050	выжимка
60-runs/v1/M0/M0-T2b.md	3109	выжимка
60-runs/v1/M0/M0-T2c.md	2865	выжимка
60-runs/v1/M0/M0-T3.md	4720	выжимка
60-runs/v1/M0/M0-T4.md	5308	выжимка
60-runs/v1/M0/M0-T5.md	6174	выжимка
60-runs/v1/M0/M0-T6.md	7568	выжимка
60-runs/v1/M0/M0-T7a.md	8459	выжимка
60-runs/v1/M0/M0-T7b.md	7892	выжимка
60-runs/v1/M0/M0-T8.md	4811	выжимка
60-runs/v1/M0/M0-T9.md	9533	выжимка
60-runs/v1/M1/M1-T26.md	8286	выжимка
50-plan/v1/M0/M0-T1.md	9093	задача
50-plan/v1/M0/M0-T10.md	15154	задача
50-plan/v1/M0/M0-T11a.md	15619	задача
50-plan/v1/M0/M0-T11b.md	28962	задача
50-plan/v1/M0/M0-T11c.md	11944	задача
50-plan/v1/M0/M0-T12.md	18305	задача
50-plan/v1/M0/M0-T13.md	25342	задача
50-plan/v1/M0/M0-T14.md	14413	задача
50-plan/v1/M0/M0-T15.md	12429	задача
50-plan/v1/M0/M0-T16.md	14361	задача
50-plan/v1/M0/M0-T17.md	17330	задача
50-plan/v1/M0/M0-T18.md	17809	задача
50-plan/v1/M0/M0-T19.md	14091	задача
50-plan/v1/M0/M0-T20.md	10407	задача
50-plan/v1/M0/M0-T2a.md	13737	задача
50-plan/v1/M0/M0-T2b.md	15105	задача
50-plan/v1/M0/M0-T2c.md	15609	задача
50-plan/v1/M0/M0-T3.md	7992	задача
50-plan/v1/M0/M0-T4.md	8428	задача
50-plan/v1/M0/M0-T5.md	22555	задача
50-plan/v1/M0/M0-T6.md	10578	задача
50-plan/v1/M0/M0-T7a.md	41162	задача
50-plan/v1/M0/M0-T7b.md	14991	задача
50-plan/v1/M0/M0-T8.md	12254	задача
50-plan/v1/M0/M0-T9.md	22401	задача
50-plan/v1/M1/M1-T1.md	12512	задача
50-plan/v1/M1/M1-T10.md	11347	задача
50-plan/v1/M1/M1-T11.md	11808	задача
50-plan/v1/M1/M1-T12.md	9025	задача
50-plan/v1/M1/M1-T13.md	8657	задача
50-plan/v1/M1/M1-T14.md	8290	задача
50-plan/v1/M1/M1-T15.md	12234	задача
50-plan/v1/M1/M1-T16.md	9330	задача
50-plan/v1/M1/M1-T17.md	8923	задача
50-plan/v1/M1/M1-T18.md	6837	задача
50-plan/v1/M1/M1-T19.md	7112	задача
50-plan/v1/M1/M1-T2.md	15588	задача
50-plan/v1/M1/M1-T20.md	7432	задача
50-plan/v1/M1/M1-T21.md	6737	задача
50-plan/v1/M1/M1-T22.md	6400	задача
50-plan/v1/M1/M1-T23.md	6566	задача
50-plan/v1/M1/M1-T24.md	9261	задача
50-plan/v1/M1/M1-T25.md	22118	задача
50-plan/v1/M1/M1-T26.md	13655	задача
50-plan/v1/M1/M1-T27.md	14083	задача
50-plan/v1/M1/M1-T28.md	12267	задача
50-plan/v1/M1/M1-T29.md	17454	задача
50-plan/v1/M1/M1-T3.md	10745	задача
50-plan/v1/M1/M1-T30.md	17702	задача
50-plan/v1/M1/M1-T31.md	25449	задача
50-plan/v1/M1/M1-T32.md	25817	задача
50-plan/v1/M1/M1-T4.md	15494	задача
50-plan/v1/M1/M1-T5.md	10456	задача
50-plan/v1/M1/M1-T6.md	17424	задача
50-plan/v1/M1/M1-T7.md	17478	задача
50-plan/v1/M1/M1-T8.md	11015	задача
50-plan/v1/M1/M1-T9.md	13471	задача
50-plan/v1/M2/M2-T1.md	11720	задача
50-plan/v1/M2/M2-T10.md	8436	задача
50-plan/v1/M2/M2-T11.md	12891	задача
50-plan/v1/M2/M2-T12.md	9463	задача
50-plan/v1/M2/M2-T13.md	12061	задача
50-plan/v1/M2/M2-T14.md	15237	задача
50-plan/v1/M2/M2-T15.md	8550	задача
50-plan/v1/M2/M2-T15a.md	15109	задача
50-plan/v1/M2/M2-T16.md	8409	задача
50-plan/v1/M2/M2-T17.md	18460	задача
50-plan/v1/M2/M2-T18.md	8295	задача
50-plan/v1/M2/M2-T2.md	11963	задача
50-plan/v1/M2/M2-T20.md	11536	задача
50-plan/v1/M2/M2-T21.md	8207	задача
50-plan/v1/M2/M2-T22.md	8747	задача
50-plan/v1/M2/M2-T23.md	6892	задача
50-plan/v1/M2/M2-T24.md	6391	задача
50-plan/v1/M2/M2-T25.md	6459	задача
50-plan/v1/M2/M2-T26.md	7874	задача
50-plan/v1/M2/M2-T27.md	7200	задача
50-plan/v1/M2/M2-T28.md	6814	задача
50-plan/v1/M2/M2-T29.md	16490	задача
50-plan/v1/M2/M2-T3.md	11030	задача
50-plan/v1/M2/M2-T30.md	19046	задача
50-plan/v1/M2/M2-T31.md	11440	задача
50-plan/v1/M2/M2-T32.md	18550	задача
50-plan/v1/M2/M2-T4.md	9446	задача
50-plan/v1/M2/M2-T5.md	11078	задача
50-plan/v1/M2/M2-T6.md	9158	задача
50-plan/v1/M2/M2-T7.md	12344	задача
50-plan/v1/M2/M2-T8.md	9869	задача
50-plan/v1/M2/M2-T9.md	12779	задача
50-plan/v1/M3/M3-T1.md	8111	задача
50-plan/v1/M3/M3-T10.md	6799	задача
50-plan/v1/M3/M3-T11.md	5971	задача
50-plan/v1/M3/M3-T12.md	6070	задача
50-plan/v1/M3/M3-T2.md	7471	задача
50-plan/v1/M3/M3-T3.md	8499	задача
50-plan/v1/M3/M3-T4.md	12907	задача
50-plan/v1/M3/M3-T5.md	12662	задача
50-plan/v1/M3/M3-T6.md	7986	задача
50-plan/v1/M3/M3-T7.md	7146	задача
50-plan/v1/M3/M3-T8.md	11979	задача
50-plan/v1/M3/M3-T9.md	6538	задача
50-plan/v1/M4/M4-T1.md	8809	задача
50-plan/v1/M4/M4-T2.md	8722	задача
50-plan/v1/M4/M4-T3.md	7854	задача
50-plan/v1/M4/M4-T4.md	9764	задача
50-plan/v1/M4/M4-T5.md	7999	задача
50-plan/v1/M4/M4-T6.md	8942	задача
50-plan/v1/M4/M4-T7.md	6603	задача
50-plan/v1/M5/M5-T1.md	9372	задача
50-plan/v1/M5/M5-T10.md	8521	задача
50-plan/v1/M5/M5-T11.md	13265	задача
50-plan/v1/M5/M5-T2.md	12302	задача
50-plan/v1/M5/M5-T3.md	14741	задача
50-plan/v1/M5/M5-T4.md	9666	задача
50-plan/v1/M5/M5-T5.md	8890	задача
50-plan/v1/M5/M5-T6.md	8917	задача
50-plan/v1/M5/M5-T7.md	9253	задача
50-plan/v1/M5/M5-T8.md	8999	задача
50-plan/v1/M5/M5-T9.md	7878	задача
50-plan/v1/M6/M6-T1.md	12147	задача
50-plan/v1/M6/M6-T2.md	9556	задача
50-plan/v1/M6/M6-T3.md	7695	задача
50-plan/v1/M6/M6-T4.md	17566	задача
50-plan/v1/M6/M6-T5.md	6226	задача
50-plan/v1/M6/M6-T6.md	12998	задача
50-plan/v1/M7/M7-T10.md	5967	задача
50-plan/v1/M7/M7-T11.md	13506	задача
50-plan/v1/M7/M7-T5.md	9403	задача
50-plan/v1/M7/M7-T6.md	17746	задача
50-plan/v1/M7/M7-T7.md	12774	задача
50-plan/v1/M7/M7-T8.md	12606	задача
50-plan/v1/M8/M8-T1.md	10172	задача
50-plan/v1/M8/M8-T10.md	10015	задача
50-plan/v1/M8/M8-T11.md	6865	задача
50-plan/v1/M8/M8-T12.md	6783	задача
50-plan/v1/M8/M8-T13.md	7336	задача
50-plan/v1/M8/M8-T14.md	14949	задача
50-plan/v1/M8/M8-T2.md	8666	задача
50-plan/v1/M8/M8-T3.md	12219	задача
50-plan/v1/M8/M8-T4.md	10651	задача
50-plan/v1/M8/M8-T5.md	11508	задача
50-plan/v1/M8/M8-T6.md	8698	задача
50-plan/v1/M8/M8-T7.md	10603	задача
50-plan/v1/M8/M8-T8.md	12895	задача
50-plan/v1/M8/M8-T9.md	9147	задача
10-intent/use-cases/config-as-code/US-CFG-01.md	2492	история
10-intent/use-cases/config-as-code/US-CFG-02.md	2453	история
10-intent/use-cases/config-as-code/US-CFG-03.md	3503	история
10-intent/use-cases/config-as-code/US-CFG-04.md	2520	история
10-intent/use-cases/config-as-code/US-CFG-05.md	2380	история
10-intent/use-cases/config-as-code/US-CFG-06.md	2382	история
10-intent/use-cases/config-as-code/US-CFG-07.md	2636	история
10-intent/use-cases/config-as-code/US-CFG-08.md	4306	история
10-intent/use-cases/config-as-code/US-CFG-09.md	3766	история
10-intent/use-cases/correlation-rules/US-COR-01.md	2432	история
10-intent/use-cases/correlation-rules/US-COR-02.md	2572	история
10-intent/use-cases/correlation-rules/US-COR-03.md	2368	история
10-intent/use-cases/correlation-rules/US-COR-04.md	2626	история
10-intent/use-cases/correlation-rules/US-COR-05.md	2704	история
10-intent/use-cases/correlation-rules/US-COR-06.md	2978	история
10-intent/use-cases/correlation-rules/US-COR-07.md	3631	история
10-intent/use-cases/correlation-rules/US-COR-08.md	4436	история
10-intent/use-cases/escalation-chains/US-ESC-01.md	2701	история
10-intent/use-cases/escalation-chains/US-ESC-02.md	2677	история
10-intent/use-cases/escalation-chains/US-ESC-03.md	2298	история
10-intent/use-cases/escalation-chains/US-ESC-04.md	3249	история
10-intent/use-cases/escalation-chains/US-ESC-05.md	2811	история
10-intent/use-cases/escalation-chains/US-ESC-06.md	5302	история
10-intent/use-cases/escalation-chains/US-ESC-07.md	2713	история
10-intent/use-cases/escalation-chains/US-ESC-08.md	2609	история
10-intent/use-cases/escalation-chains/US-ESC-09.md	2393	история
10-intent/use-cases/escalation-chains/US-ESC-10.md	2822	история
10-intent/use-cases/escalation-chains/US-ESC-11.md	2241	история
10-intent/use-cases/escalation-chains/US-ESC-12.md	4301	история
10-intent/use-cases/forecast/US-FCT-01.md	2520	история
10-intent/use-cases/forecast/US-FCT-02.md	2477	история
10-intent/use-cases/forecast/US-FCT-03.md	2661	история
10-intent/use-cases/forecast/US-FCT-04.md	2669	история
10-intent/use-cases/forecast/US-FCT-05.md	2436	история
10-intent/use-cases/forecast/US-FCT-06.md	4404	история
10-intent/use-cases/forecast/US-FCT-07.md	2356	история
10-intent/use-cases/forecast/US-FCT-08.md	3532	история
10-intent/use-cases/forecast/US-FCT-09.md	3661	история
10-intent/use-cases/gaps/US-GAP-01.md	3313	история
10-intent/use-cases/gaps/US-GAP-02.md	3212	история
10-intent/use-cases/gaps/US-GAP-03.md	2502	история
10-intent/use-cases/gaps/US-GAP-04.md	3242	история
10-intent/use-cases/gaps/US-GAP-05.md	2470	история
10-intent/use-cases/gaps/US-GAP-06.md	2445	история
10-intent/use-cases/gaps/US-GAP-07.md	5504	история
10-intent/use-cases/gaps/US-GAP-08.md	2337	история
10-intent/use-cases/gaps/US-GAP-09.md	4497	история
10-intent/use-cases/inventory/US-INV-01.md	2197	история
10-intent/use-cases/inventory/US-INV-02.md	2404	история
10-intent/use-cases/inventory/US-INV-03.md	2216	история
10-intent/use-cases/inventory/US-INV-04.md	2496	история
10-intent/use-cases/inventory/US-INV-05.md	2516	история
10-intent/use-cases/inventory/US-INV-06.md	2389	история
10-intent/use-cases/inventory/US-INV-07.md	2591	история
10-intent/use-cases/inventory/US-INV-08.md	2245	история
10-intent/use-cases/inventory/US-INV-09.md	3213	история
10-intent/use-cases/inventory/US-INV-10.md	4490	история
10-intent/use-cases/monitors/US-MON-01.md	3996	история
10-intent/use-cases/monitors/US-MON-02.md	3695	история
10-intent/use-cases/monitors/US-MON-03.md	5654	история
10-intent/use-cases/monitors/US-MON-04.md	3396	история
10-intent/use-cases/monitors/US-MON-05.md	3796	история
10-intent/use-cases/monitors/US-MON-06.md	7136	история
10-intent/use-cases/monitors/US-MON-07.md	2893	история
10-intent/use-cases/monitors/US-MON-08.md	3938	история
10-intent/use-cases/monitors/US-MON-09.md	5518	история
10-intent/use-cases/monitors/US-MON-10.md	5429	история
10-intent/use-cases/night-page/US-PAG-01.md	3285	история
10-intent/use-cases/night-page/US-PAG-02.md	3107	история
10-intent/use-cases/night-page/US-PAG-03.md	3072	история
10-intent/use-cases/night-page/US-PAG-04.md	3101	история
10-intent/use-cases/night-page/US-PAG-05.md	2862	история
10-intent/use-cases/night-page/US-PAG-06.md	3147	история
10-intent/use-cases/night-page/US-PAG-07.md	3056	история
10-intent/use-cases/night-page/US-PAG-08.md	3067	история
10-intent/use-cases/night-page/US-PAG-09.md	3067	история
10-intent/use-cases/night-page/US-PAG-10.md	3641	история
10-intent/use-cases/night-page/US-PAG-12.md	2388	история
10-intent/use-cases/night-page/US-PAG-13.md	6180	история
10-intent/use-cases/night-page/US-PAG-14.md	2591	история
10-intent/use-cases/night-page/US-PAG-15.md	3196	история
10-intent/use-cases/night-page/US-PAG-16.md	4377	история
10-intent/use-cases/night-page/US-PAG-17.md	3961	история
10-intent/use-cases/night-page/US-PAG-18.md	4125	история
10-intent/use-cases/night-page/US-PAG-19.md	7547	история
10-intent/use-cases/onboarding/US-ONB-01.md	3339	история
10-intent/use-cases/onboarding/US-ONB-02.md	3754	история
10-intent/use-cases/onboarding/US-ONB-03.md	3304	история
10-intent/use-cases/onboarding/US-ONB-04.md	3363	история
10-intent/use-cases/oncall-schedule/US-SCH-01.md	2291	история
10-intent/use-cases/oncall-schedule/US-SCH-02.md	2318	история
10-intent/use-cases/oncall-schedule/US-SCH-03.md	5299	история
10-intent/use-cases/oncall-schedule/US-SCH-04.md	3014	история
10-intent/use-cases/oncall-schedule/US-SCH-05.md	3050	история
10-intent/use-cases/oncall-schedule/US-SCH-06.md	2562	история
10-intent/use-cases/oncall-schedule/US-SCH-07.md	2657	история
10-intent/use-cases/oncall-schedule/US-SCH-08.md	4083	история
10-intent/use-cases/organization/US-ORG-01.md	4781	история
10-intent/use-cases/organization/US-ORG-02.md	2781	история
10-intent/use-cases/organization/US-ORG-03.md	3112	история
10-intent/use-cases/organization/US-ORG-04.md	2992	история
10-intent/use-cases/organization/US-ORG-05.md	7352	история
10-intent/use-cases/organization/US-ORG-06.md	4158	история
10-intent/use-cases/organization/US-ORG-07.md	2907	история
10-intent/use-cases/organization/US-ORG-08.md	3145	история
10-intent/use-cases/organization/US-ORG-09.md	2868	история
10-intent/use-cases/organization/US-ORG-10.md	3925	история
10-intent/use-cases/organization/US-ORG-12.md	5521	история
10-intent/use-cases/organization/US-ORG-13.md	6592	история
10-intent/use-cases/organization/US-ORG-14.md	5211	история
10-intent/use-cases/organization/US-ORG-15.md	3888	история
10-intent/use-cases/policy-testing/US-POL-01.md	3442	история
10-intent/use-cases/policy-testing/US-POL-02.md	2651	история
10-intent/use-cases/policy-testing/US-POL-03.md	2697	история
10-intent/use-cases/policy-testing/US-POL-04.md	2265	история
10-intent/use-cases/policy-testing/US-POL-05.md	2369	история
10-intent/use-cases/policy-testing/US-POL-06.md	2786	история
10-intent/use-cases/policy-testing/US-POL-07.md	3181	история
10-intent/use-cases/policy-testing/US-POL-08.md	2848	история
10-intent/use-cases/policy-testing/US-POL-09.md	4912	история
10-intent/use-cases/postmortem/US-PM-01.md	2651	история
10-intent/use-cases/postmortem/US-PM-02.md	2706	история
10-intent/use-cases/postmortem/US-PM-03.md	2479	история
10-intent/use-cases/postmortem/US-PM-04.md	2441	история
10-intent/use-cases/postmortem/US-PM-05.md	2264	история
10-intent/use-cases/postmortem/US-PM-06.md	2307	история
10-intent/use-cases/postmortem/US-PM-07.md	2457	история
10-intent/use-cases/postmortem/US-PM-08.md	5047	история
10-intent/use-cases/shift-handoff/US-SHF-01.md	2520	история
10-intent/use-cases/shift-handoff/US-SHF-02.md	2749	история
10-intent/use-cases/shift-handoff/US-SHF-03.md	3162	история
10-intent/use-cases/shift-handoff/US-SHF-04.md	2871	история
10-intent/use-cases/shift-handoff/US-SHF-05.md	2799	история
10-intent/use-cases/shift-handoff/US-SHF-06.md	2973	история
10-intent/use-cases/shift-handoff/US-SHF-07.md	2427	история
10-intent/use-cases/shift-handoff/US-SHF-08.md	3179	история
10-intent/use-cases/shift-handoff/US-SHF-09.md	4333	история
10-intent/use-cases/shift-handoff/US-SHF-10.md	3100	история
10-intent/use-cases/shift-handoff/US-SHF-11.md	3138	история
10-intent/use-cases/shift-handoff/US-SHF-12.md	3037	история
10-intent/use-cases/signal-ingest/US-SIG-01.md	3059	история
10-intent/use-cases/signal-ingest/US-SIG-02.md	3184	история
10-intent/use-cases/signal-ingest/US-SIG-03.md	2784	история
10-intent/use-cases/signal-ingest/US-SIG-04.md	2690	история
10-intent/use-cases/signal-ingest/US-SIG-05.md	2980	история
10-intent/use-cases/signal-ingest/US-SIG-06.md	3724	история
10-intent/use-cases/signal-ingest/US-SIG-07.md	3144	история
10-intent/use-cases/signal-ingest/US-SIG-08.md	2596	история
10-intent/use-cases/signal-ingest/US-SIG-09.md	3630	история
10-intent/use-cases/signal-ingest/US-SIG-10.md	4051	история
10-intent/use-cases/signal-ingest/US-SIG-11.md	3069	история
10-intent/use-cases/signal-ingest/US-SIG-12.md	4593	история
10-intent/use-cases/signal-ingest/US-SIG-13.md	4170	история
10-intent/use-cases/situation-detail/US-DET-01.md	2342	история
10-intent/use-cases/situation-detail/US-DET-02.md	3157	история
10-intent/use-cases/situation-detail/US-DET-03.md	3310	история
10-intent/use-cases/situation-detail/US-DET-04.md	4048	история
10-intent/use-cases/situation-detail/US-DET-05.md	2881	история
10-intent/use-cases/situation-detail/US-DET-06.md	2554	история
10-intent/use-cases/situation-detail/US-DET-07.md	2784	история
10-intent/use-cases/situation-detail/US-DET-08.md	2763	история
10-intent/use-cases/situation-detail/US-DET-09.md	2572	история
10-intent/use-cases/situation-detail/US-DET-10.md	2927	история
10-intent/use-cases/situation-detail/US-DET-11.md	3376	история
10-intent/use-cases/situation-feed/US-FEED-01.md	3091	история
10-intent/use-cases/situation-feed/US-FEED-02.md	2488	история
10-intent/use-cases/situation-feed/US-FEED-03.md	2839	история
10-intent/use-cases/situation-feed/US-FEED-04.md	2306	история
10-intent/use-cases/situation-feed/US-FEED-05.md	2391	история
10-intent/use-cases/situation-feed/US-FEED-06.md	2433	история
10-intent/use-cases/situation-feed/US-FEED-07.md	2146	история
10-intent/use-cases/situation-feed/US-FEED-08.md	2242	история
10-intent/use-cases/situation-feed/US-FEED-09.md	4689	история
10-intent/use-cases/status-page/US-ST-01.md	2275	история
10-intent/use-cases/status-page/US-ST-02.md	2467	история
10-intent/use-cases/status-page/US-ST-03.md	2307	история
10-intent/use-cases/status-page/US-ST-04.md	2762	история
10-intent/use-cases/status-page/US-ST-05.md	4028	история
10-intent/use-cases/status-page/US-ST-06.md	3234	история
10-intent/use-cases/status-page/US-ST-07.md	3279	история
10-intent/use-cases/status-page/US-ST-09.md	4434	история
10-intent/use-cases/status-page/US-ST-10.md	6833	история
10-intent/use-cases/why-was-i-paged/US-WHY-01.md	3325	история
10-intent/use-cases/why-was-i-paged/US-WHY-02.md	3232	история
10-intent/use-cases/why-was-i-paged/US-WHY-03.md	2909	история
10-intent/use-cases/why-was-i-paged/US-WHY-04.md	3093	история
10-intent/use-cases/why-was-i-paged/US-WHY-05.md	2339	история
10-intent/use-cases/why-was-i-paged/US-WHY-06.md	5343	история
50-plan/v1/red/R-M1-T1.md	4292	красная
50-plan/v1/red/R-M1-T10.md	4321	красная
50-plan/v1/red/R-M1-T11.md	4291	красная
50-plan/v1/red/R-M1-T12.md	4301	красная
50-plan/v1/red/R-M1-T13.md	4299	красная
50-plan/v1/red/R-M1-T14.md	4320	красная
50-plan/v1/red/R-M1-T15.md	4412	красная
50-plan/v1/red/R-M1-T16.md	4319	красная
50-plan/v1/red/R-M1-T2.md	4924	красная
50-plan/v1/red/R-M1-T26.md	4321	красная
50-plan/v1/red/R-M1-T27.md	4266	красная
50-plan/v1/red/R-M1-T3.md	4377	красная
50-plan/v1/red/R-M1-T4.md	4363	красная
50-plan/v1/red/R-M1-T5.md	4326	красная
50-plan/v1/red/R-M1-T6.md	4962	красная
50-plan/v1/red/R-M1-T7.md	4406	красная
50-plan/v1/red/R-M1-T8.md	4255	красная
50-plan/v1/red/R-M1-T9.md	4376	красная
50-plan/v1/red/R-M2-T1.md	4269	красная
50-plan/v1/red/R-M2-T10.md	4307	красная
50-plan/v1/red/R-M2-T11.md	4328	красная
50-plan/v1/red/R-M2-T12.md	4328	красная
50-plan/v1/red/R-M2-T13.md	4301	красная
50-plan/v1/red/R-M2-T14.md	4295	красная
50-plan/v1/red/R-M2-T15.md	4279	красная
50-plan/v1/red/R-M2-T16.md	4266	красная
50-plan/v1/red/R-M2-T17.md	4367	красная
50-plan/v1/red/R-M2-T18.md	4273	красная
50-plan/v1/red/R-M2-T2.md	4245	красная
50-plan/v1/red/R-M2-T20.md	4351	красная
50-plan/v1/red/R-M2-T21.md	4268	красная
50-plan/v1/red/R-M2-T29.md	4321	красная
50-plan/v1/red/R-M2-T3.md	4336	красная
50-plan/v1/red/R-M2-T30.md	4371	красная
50-plan/v1/red/R-M2-T4.md	4276	красная
50-plan/v1/red/R-M2-T5.md	4276	красная
50-plan/v1/red/R-M2-T6.md	4240	красная
50-plan/v1/red/R-M2-T7.md	4275	красная
50-plan/v1/red/R-M2-T8.md	4297	красная
50-plan/v1/red/R-M2-T9.md	4302	красная
50-plan/v1/red/R-M3-T1.md	4268	красная
50-plan/v1/red/R-M3-T2.md	4256	красная
50-plan/v1/red/R-M3-T3.md	4294	красная
50-plan/v1/red/R-M3-T4.md	4330	красная
50-plan/v1/red/R-M3-T5.md	4350	красная
50-plan/v1/red/R-M3-T6.md	4283	красная
50-plan/v1/red/R-M3-T7.md	4273	красная
50-plan/v1/red/R-M3-T8.md	4305	красная
50-plan/v1/red/R-M3-T9.md	4271	красная
50-plan/v1/red/R-M4-T1.md	4316	красная
50-plan/v1/red/R-M4-T2.md	4302	красная
50-plan/v1/red/R-M4-T3.md	4263	красная
50-plan/v1/red/R-M4-T4.md	4310	красная
50-plan/v1/red/R-M4-T5.md	4265	красная
50-plan/v1/red/R-M4-T6.md	4269	красная
50-plan/v1/red/R-M5-T1.md	4309	красная
50-plan/v1/red/R-M5-T2.md	4299	красная
50-plan/v1/red/R-M5-T3.md	4255	красная
50-plan/v1/red/R-M5-T4.md	4253	красная
50-plan/v1/red/R-M5-T5.md	4298	красная
50-plan/v1/red/R-M5-T6.md	4237	красная
50-plan/v1/red/R-M5-T7.md	4246	красная
50-plan/v1/red/R-M5-T8.md	4264	красная
50-plan/v1/red/R-M6-T1.md	4336	красная
50-plan/v1/red/R-M6-T2.md	4307	красная
50-plan/v1/red/R-M6-T3.md	4269	красная
50-plan/v1/red/R-M6-T4.md	4349	красная
50-plan/v1/red/R-M7-T11.md	4265	красная
50-plan/v1/red/R-M7-T5.md	4311	красная
50-plan/v1/red/R-M7-T6.md	4305	красная
50-plan/v1/red/R-M7-T7.md	4306	красная
50-plan/v1/red/R-M7-T8.md	4235	красная
50-plan/v1/red/R-M8-T1.md	4321	красная
50-plan/v1/red/R-M8-T10.md	4274	красная
50-plan/v1/red/R-M8-T2.md	4307	красная
50-plan/v1/red/R-M8-T3.md	4275	красная
50-plan/v1/red/R-M8-T4.md	4256	красная
50-plan/v1/red/R-M8-T5.md	4261	красная
50-plan/v1/red/R-M8-T6.md	4246	красная
50-plan/v1/red/R-M8-T7.md	4336	красная
50-plan/v1/red/R-M8-T8.md	4319	красная
50-plan/v1/red/R-M8-T9.md	4235	красная
10-intent/mockup/01-product.md	7142	мокап
10-intent/mockup/02-tokens.md	8083	мокап
10-intent/mockup/03-web.md	13594	мокап
10-intent/mockup/04-mobile.md	11018	мокап
10-intent/mockup/05-data-and-api.md	6583	мокап
10-intent/mockup/06-build.md	5515	мокап
10-intent/mockup/README.md	5115	мокап
10-intent/mockup/build/operations-os-mobile-prototype-standalone.html	474335	мокап
10-intent/mockup/build/operations-os-mobile-standalone.html	1451541	мокап
10-intent/mockup/build/operations-os-web-standalone.html	911619	мокап
10-intent/mockup/source/operations-os-mobile-prototype.dc.html	34351	мокап
10-intent/mockup/source/operations-os-mobile.dc.html	112393	мокап
10-intent/mockup/source/operations-os-web.dc.html	422954	мокап
10-intent/mockup/source/support.js	69150	мокап
30-design/decisions/0000-template.md	497	решение
30-design/decisions/accepted/0001-record-architecture-decisions.md	1532	решение
30-design/decisions/accepted/0002-language-go.md	3325	решение
30-design/decisions/accepted/0003-storage-postgresql.md	2994	решение
30-design/decisions/accepted/0004-event-backbone-postgres-native.md	6895	решение
30-design/decisions/accepted/0005-db-access-pgx-sqlc-migrations.md	2570	решение
30-design/decisions/accepted/0006-http-router-chi.md	2019	решение
30-design/decisions/accepted/0008-auth-and-tenancy.md	5248	решение
30-design/decisions/accepted/0009-config-and-secrets.md	2073	решение
30-design/decisions/accepted/0010-schema-conventions.md	3351	решение
30-design/decisions/accepted/0011-timeseries-timescaledb.md	7621	решение
30-design/decisions/accepted/0012-api-contract-openapi.md	5051	решение
30-design/decisions/accepted/0013-deployment-gitops.md	4143	решение
30-design/decisions/accepted/0014-architecture-style-ddd-idiomatic-go.md	8344	решение
30-design/decisions/accepted/0015-dependency-injection-uber-fx.md	5730	решение
30-design/decisions/accepted/0016-clean-ddd-global-layers.md	4706	решение
30-design/decisions/accepted/0017-drop-generic-kind-store.md	5392	решение
30-design/decisions/accepted/0018-multi-org-access-scope.md	8338	решение
30-design/decisions/accepted/0019-account-is-one-entity-with-a-kind.md	20614	решение
30-design/decisions/accepted/0020-artifacts-are-team-owned-events-are-account-owned.md	10597	решение
30-design/decisions/accepted/0021-drop-the-synthetic-org-root-team.md	8727	решение
30-design/decisions/accepted/0022-interface-rules-with-a-ratcheted-gate.md	7957	решение
30-design/decisions/accepted/0023-specification-governs-the-code.md	6462	решение
30-design/decisions/accepted/0024-language-rust.md	10321	решение
30-design/decisions/accepted/0025-product-name-myack.md	6583	решение
30-design/decisions/accepted/0026-realtime-sse.md	10260	решение
30-design/decisions/accepted/0027-fingerprint-versioning.md	7007	решение
30-design/decisions/accepted/0028-chain-steps-stay-jsonb.md	5825	решение
30-design/decisions/accepted/0029-repositories-move-to-myack-dev.md	7303	решение
30-design/decisions/accepted/0030-rename-the-infrastructure-now.md	9627	решение
30-design/decisions/accepted/0031-fingerprint-version-applies-immediately.md	6234	решение
30-design/decisions/accepted/0032-repeat-page-is-a-chain-step.md	6072	решение
30-design/decisions/accepted/0033-shift-derives-from-coverage.md	5535	решение
30-design/decisions/accepted/0034-configuration-is-copied-not-inherited.md	6827	решение
30-design/decisions/accepted/0035-forwarding-never-stops-the-chain.md	9624	решение
30-design/decisions/accepted/0036-status-page-scope-comes-from-the-link.md	7291	решение
30-design/decisions/accepted/0038-ios-17-minimum.md	6464	решение
30-design/decisions/accepted/0039-the-card-ends-with-an-answer.md	5684	решение
30-design/decisions/accepted/0040-absences-come-from-one-account-calendar.md	6926	решение
30-design/decisions/accepted/0041-status-page-address-and-branding.md	5497	решение
30-design/decisions/accepted/0042-status-page-survives-a-datacenter.md	8905	решение
30-design/decisions/accepted/0043-android-later-watch-no.md	5977	решение
30-design/decisions/accepted/0044-settings-depth-follows-requirements.md	5125	решение
30-design/decisions/accepted/0045-explorer-is-a-window-into-the-input.md	7643	решение
30-design/decisions/accepted/0046-donor-code-without-requirements.md	6693	решение
30-design/decisions/accepted/0047-git-wins-overrides-win-harder.md	9840	решение
30-design/decisions/accepted/0048-import-waits.md	5499	решение
30-design/decisions/accepted/0049-cluster-agent-reads-the-truth.md	8303	решение
30-design/decisions/accepted/0050-gap-price-tier-limits-data-sorts.md	6561	решение
30-design/decisions/accepted/0051-deleting-a-source-stops-intake.md	5578	решение
30-design/decisions/accepted/0052-author-is-who-publishes.md	5880	решение
30-design/decisions/accepted/0053-action-outcome-is-judged-by-the-situation.md	7209	решение
30-design/decisions/accepted/0054-ack-is-a-commitment.md	5248	решение
30-design/decisions/accepted/0055-replay-stays-inside-one-fingerprint-version.md	6001	решение
30-design/decisions/accepted/0056-reorder-preview-runs-signals.md	5642	решение
30-design/decisions/accepted/0057-one-stream-per-browser.md	8236	решение
30-design/decisions/accepted/0058-observation-lift-lives-where-signals-are-seen.md	5619	решение
30-design/decisions/accepted/0059-no-synthetic-history.md	4910	решение
30-design/decisions/accepted/0060-policy-versions-are-rows.md	7189	решение
30-design/decisions/accepted/0061-events-are-transport.md	5816	решение
30-design/decisions/accepted/0062-subject-is-a-column.md	4200	решение
30-design/decisions/accepted/0063-subscription-is-a-page.md	6867	решение
30-design/decisions/accepted/0064-gap-key-is-cause-plus-ids.md	4735	решение
30-design/decisions/accepted/0065-timeline-order-is-causal.md	5953	решение
30-design/decisions/accepted/0066-decision-is-stored-whole.md	5187	решение
30-design/decisions/accepted/0067-forecast-uses-median-slope.md	5177	решение
30-design/decisions/accepted/0068-forecast-pending-list.md	5374	решение
30-design/decisions/accepted/0069-sqlx-metadata-is-committed-and-checked.md	4867	решение
30-design/decisions/accepted/0070-tokens-are-generated-from-mockups.md	5199	решение
30-design/decisions/accepted/0071-shift-warning-belongs-to-the-team.md	4516	решение
30-design/decisions/accepted/0072-handover-is-a-row.md	4692	решение
30-design/decisions/accepted/0073-mutants-are-a-ratchet.md	11107	решение
30-design/decisions/accepted/0074-load-harness-stays-scenarios-are-rewritten.md	4515	решение
30-design/decisions/accepted/0075-two-signatures-and-who-checks-what.md	6116	решение
30-design/decisions/accepted/0076-retention-and-deletion.md	7287	решение
30-design/decisions/accepted/0077-translations-are-a-generated-artifact.md	6707	решение
30-design/decisions/accepted/0078-pricing-per-seat-plus-minutes.md	4883	решение
30-design/decisions/accepted/0079-six-security-decisions.md	8625	решение
30-design/decisions/accepted/0080-contract-first-for-the-new-stack.md	7553	решение
30-design/decisions/accepted/0081-language-review-confirms-rust.md	7658	решение
30-design/decisions/accepted/0082-no-codegen-the-contract-is-checked.md	6269	решение
30-design/decisions/accepted/0083-colour-comes-from-declared-state.md	10200	решение
30-design/decisions/accepted/0084-crossing-isolation-is-four-named-doors.md	11741	решение
30-design/decisions/accepted/0085-fingerprint-composition.md	14213	решение
30-design/decisions/accepted/0086-defaults-make-the-lazy-path-work.md	9553	решение
30-design/decisions/accepted/0087-rollback-leaves-the-release.md	6863	решение
30-design/decisions/accepted/0088-failover-and-prober-geography-wait.md	10414	решение
30-design/decisions/accepted/0089-schedule-is-a-view-not-a-table.md	8711	решение
30-design/decisions/accepted/0090-one-rotation-per-team-and-role.md	8832	решение
30-design/decisions/accepted/0091-closing-condition-comes-from-the-forecast.md	9595	решение
30-design/decisions/accepted/0092-forecast-digest-belongs-to-the-account.md	11096	решение
30-design/decisions/accepted/0093-an-exporter-is-the-deployed-thing.md	19978	решение
30-design/decisions/accepted/0094-a-subscription-belongs-to-the-situation.md	10607	решение
30-design/decisions/accepted/0095-status-page-logo-is-a-file.md	10891	решение
30-design/decisions/accepted/0096-a-chain-step-waits-in-seconds.md	17306	решение
30-design/decisions/accepted/0097-a-delivery-names-the-channel-row.md	16732	решение
30-design/decisions/accepted/0098-an-account-channel-is-a-row-without-an-owner.md	17127	решение
30-design/decisions/accepted/0099-the-place-of-a-measurement-waits-with-the-probers.md	15476	решение
30-design/decisions/accepted/0100-a-language-tag-is-written-short.md	9028	решение
30-design/decisions/accepted/0101-the-second-factor-requirement-lives-in-the-account-patch.md	10508	решение
30-design/decisions/accepted/0102-the-reason-for-a-dismissal-is-shown-next-to-the-gap.md	10933	решение
30-design/decisions/accepted/0103-the-quiet-hours-ceiling-is-a-pair-of-team-columns.md	12303	решение
30-design/decisions/accepted/0104-a-monitor-that-never-ran-is-pending.md	18459	решение
30-design/decisions/accepted/0105-the-personal-timezone-is-a-field-not-a-guess.md	10760	решение
30-design/decisions/accepted/0106-a-chain-step-is-brought-to-the-domain.md	19762	решение
30-design/decisions/accepted/0107-an-hourly-rotation-is-named-not-encoded.md	8972	решение
30-design/decisions/accepted/0108-team-hours-and-the-ceiling-are-set-when-a-team-is-created.md	12493	решение
30-design/decisions/accepted/0109-the-order-of-steps-is-the-list.md	8696	решение
30-design/decisions/accepted/0110-a-field-carries-every-requirement-it-serves.md	12497	решение
30-design/decisions/accepted/0111-a-field-that-is-not-stored-is-marked-in-the-contract.md	18652	решение
30-design/decisions/accepted/0112-a-requirement-outliving-its-subject-is-removed.md	13662	решение
30-design/decisions/accepted/0113-a-subscription-ends-from-the-address-side.md	22641	решение
30-design/decisions/accepted/0114-an-address-is-a-value-of-the-condition.md	10702	решение
30-design/decisions/accepted/0115-a-fallen-probe-leaves-a-picture.md	14349	решение
30-design/decisions/accepted/0116-object-storage-is-connected-against-a-named-limit.md	14580	решение
30-design/decisions/accepted/0117-a-logo-is-a-png-with-a-number.md	9327	решение
30-design/decisions/accepted/0118-an-export-is-assembled-on-read.md	8909	решение
30-design/decisions/accepted/0119-a-parse-hatch-is-not-a-stored-state.md	9878	решение
30-design/decisions/accepted/0120-a-recompute-is-the-read-a-closure-is-the-situation.md	12896	решение
30-design/decisions/accepted/0121-the-toggle-and-the-state-cannot-contradict-each-other.md	15058	решение
30-design/decisions/accepted/0122-a-team-window-is-a-week-and-outside-it-nothing-is-owed.md	15326	решение
30-design/decisions/accepted/0123-a-value-nobody-can-produce-gets-an-operation.md	13684	решение
30-design/decisions/accepted/0124-one-concept-carries-one-word-in-both-sets.md	12290	решение
30-design/decisions/accepted/0125-the-shape-of-a-chain-step-is-named-by-the-model.md	10690	решение
30-design/decisions/accepted/0126-a-number-carrying-two-questions-is-split.md	9566	решение
30-design/decisions/accepted/0127-account-channels-and-the-digest-live-on-the-organisation-screen.md	10968	решение
30-design/decisions/accepted/0128-a-team-is-edited-not-recreated.md	10458	решение
30-design/decisions/accepted/0129-a-step-may-name-the-role-of-the-on-call.md	11290	решение
30-design/decisions/accepted/0130-a-subscription-takes-effect-from-the-address-side.md	12430	решение
30-design/decisions/accepted/0131-three-tables-get-a-named-term.md	11769	решение
30-design/decisions/accepted/0132-the-fourth-state-is-named-disabled-in-the-requirement-too.md	11159	решение
30-design/decisions/accepted/0133-subscribing-and-being-told-are-two-requirements.md	12607	решение
30-design/decisions/accepted/0134-configuration-is-seen-inside-the-owning-team.md	43382	решение
30-design/decisions/accepted/0135-the-personal-quiet-window-lives-on-the-channels-screen.md	20531	решение
30-design/decisions/accepted/0136-the-action-becomes-a-path-segment.md	15863	решение
30-design/decisions/accepted/0137-isolation-moves-into-the-database.md	33166	решение
30-design/decisions/accepted/0138-the-configuration-role-becomes-the-administrator.md	22465	решение
30-design/decisions/accepted/0139-the-norm-of-edition-1-3-names-the-account-owner.md	14649	решение
30-design/decisions/accepted/0140-a-forecast-task-may-be-closed-by-hand.md	11858	решение
30-design/decisions/accepted/0141-a-dismissal-is-lifted-by-the-administrator.md	12745	решение
30-design/decisions/accepted/0142-a-firing-carries-the-picture-or-the-reason-there-is-none.md	13320	решение
30-design/decisions/accepted/0143-a-team-without-a-window-is-on-call-round-the-clock.md	13244	решение
30-design/decisions/accepted/0144-the-composition-of-states-and-what-one-of-them-does-are-two-requirements.md	14135	решение
30-design/decisions/accepted/0145-a-confirmation-is-good-for-seventy-two-hours.md	25719	решение
30-design/decisions/accepted/0146-the-bus-consumer-is-the-fifth-door.md	12968	решение
30-design/decisions/accepted/0147-article-1-body-moves-to-row-policies.md	7409	решение
30-design/decisions/accepted/0148-the-password-leaves-the-connection-url.md	14214	решение
30-design/decisions/accepted/0149-a-signed-decision-carries-the-signature-of-the-wording-it-dictates.md	22780	решение
30-design/decisions/accepted/0150-the-wake-hint-channel-is-named-events-hint.md	19617	решение
30-design/decisions/accepted/0151-the-version-predicate-travels-with-its-aggregate.md	13005	решение
30-design/decisions/accepted/0152-the-renaming-decision-retires-the-wording.md	12049	решение
30-design/decisions/accepted/0153-the-schema-check-in-ci-is-the-crates-own-test.md	13006	решение
30-design/decisions/accepted/0154-a-requirement-lands-on-a-surface-or-on-an-invariant.md	10151	решение
30-design/decisions/accepted/0155-a-holder-is-verified-by-opening-it.md	9058	решение
30-design/decisions/accepted/0156-a-test-is-the-executable-form-of-a-requirement.md	13072	решение
30-design/decisions/accepted/0157-the-document-root-takes-a-history-of-its-own.md	13291	решение
30-design/decisions/accepted/0158-what-the-morning-page-digest-shows.md	16648	решение
30-design/decisions/accepted/0159-a-check-outliving-its-subject-is-replaced-not-repaired.md	24484	решение
30-design/decisions/accepted/0160-live-database-test-support-lives-in-one-crate.md	24125	решение
30-design/decisions/accepted/0161-every-list-either-pages-or-is-declared-complete.md	30138	решение
30-design/decisions/accepted/0162-a-period-does-not-include-its-end.md	6129	решение
30-design/decisions/accepted/0163-a-question-answered-by-the-set-does-not-stop-the-work.md	9446	решение
30-design/decisions/accepted/0164-a-shortcut-is-a-numbered-row-or-it-is-not-taken.md	7371	решение
30-design/decisions/accepted/0165-a-measure-no-entry-can-close-is-an-inventory-not-a-ratchet.md	13950	решение
30-design/decisions/accepted/0166-the-domain-widens-to-the-contract.md	10001	решение
30-design/decisions/accepted/0167-the-mobile-client-is-cross-platform-the-live-activity-is-not.md	16604	решение
30-design/decisions/accepted/0168-forecasts-are-one-list-ordered-by-status-then-tier.md	30142	решение
30-design/decisions/accepted/0169-account-deletion-gets-a-row-an-outcome-and-a-grace-column.md	16682	решение
30-design/decisions/accepted/0170-the-list-check-widens-to-any-array-on-a-response-schema.md	39613	решение
30-design/decisions/accepted/0171-a-secret-shaped-value-is-held-by-a-type-not-by-attention.md	26497	решение
30-design/decisions/superseded/0007-project-layout.md	2846	решение
30-design/decisions/superseded/0037-rollback-goes-through-git.md	7711	решение
90-reference/CODE-AUDIT.md	21965	справка
90-reference/betterstack/README.md	6326	справка
90-reference/betterstack/billing.md	1425	справка
90-reference/betterstack/chat/chats.md	149	справка
90-reference/betterstack/chat/connections.md	515	справка
90-reference/betterstack/chat/index.md	1008	справка
90-reference/betterstack/chat/integrations.md	174	справка
90-reference/betterstack/chat/new-chat.md	140	справка
90-reference/betterstack/cjm.md	3948	справка
90-reference/betterstack/errors/applications.md	395	справка
90-reference/betterstack/errors/errors.md	474	справка
90-reference/betterstack/errors/index.md	1434	справка
90-reference/betterstack/errors/integrations.md	404	справка
90-reference/betterstack/errors/releases.md	772	справка
90-reference/betterstack/feedback.md	4341	справка
90-reference/betterstack/gaps.md	2016	справка
90-reference/betterstack/heartbeats/create.md	3458	справка
90-reference/betterstack/heartbeats/list.md	855	справка
90-reference/betterstack/incidents/detail.md	3405	справка
90-reference/betterstack/incidents/list.md	739	справка
90-reference/betterstack/incidents/screening.md	1086	справка
90-reference/betterstack/integrations/catalog.md	1865	справка
90-reference/betterstack/integrations/list.md	1810	справка
90-reference/betterstack/layout.md	2302	справка
90-reference/betterstack/monitors/create.md	8205	справка
90-reference/betterstack/monitors/list.md	225	справка
90-reference/betterstack/oncall/escalation-policies.md	2200	справка
90-reference/betterstack/oncall/schedules.md	1387	справка
90-reference/betterstack/patterns.md	3798	справка
90-reference/betterstack/reporting/index.md	2727	справка
90-reference/betterstack/rum/applications.md	326	справка
90-reference/betterstack/rum/dashboards.md	327	справка
90-reference/betterstack/rum/events.md	499	справка
90-reference/betterstack/rum/groups.md	348	справка
90-reference/betterstack/rum/index.md	1109	справка
90-reference/betterstack/rum/sessions.md	329	справка
90-reference/betterstack/rum/users.md	307	справка
90-reference/betterstack/settings/account.md	866	справка
90-reference/betterstack/settings/alerts.md	892	справка
90-reference/betterstack/settings/api-tokens.md	547	справка
90-reference/betterstack/settings/billing.md	390	справка
90-reference/betterstack/settings/index.md	1194	справка
90-reference/betterstack/settings/look-and-feel.md	343	справка
90-reference/betterstack/settings/organization.md	166	справка
90-reference/betterstack/settings/security.md	410	справка
90-reference/betterstack/settings/sso.md	579	справка
90-reference/betterstack/settings/teams.md	581	справка
90-reference/betterstack/settings/usage.md	641	справка
90-reference/betterstack/status-pages/create.md	4981	справка
90-reference/betterstack/status-pages/list.md	1163	справка
90-reference/betterstack/telemetry/alerts.md	570	справка
90-reference/betterstack/telemetry/dashboards.md	441	справка
90-reference/betterstack/telemetry/events.md	340	справка
90-reference/betterstack/telemetry/index.md	2659	справка
90-reference/betterstack/telemetry/integrations.md	330	справка
90-reference/betterstack/telemetry/live-tail.md	535	справка
90-reference/betterstack/telemetry/map.md	333	справка
90-reference/betterstack/telemetry/schema.md	513	справка
90-reference/betterstack/telemetry/services.md	693	справка
90-reference/betterstack/telemetry/sources.md	1066	справка
90-reference/conventions.md	8514	справка
90-reference/customer-conversations.md	5878	справка
90-reference/data-model.md	9930	справка
90-reference/research/sre-pain-points.md	11686	справка
00-frame/constitution.md	20151	уникальный
00-frame/document-plan.md	122611	уникальный
00-frame/glossary.md	58529	уникальный
00-frame/guides/development.md	14457	уникальный
00-frame/guides/generate.md	15450	уникальный
00-frame/questions/.archive/decisions-log-2026-08-26.md	672022	уникальный
00-frame/questions/README.md	12767	уникальный
10-intent/brs.md	21087	уникальный
10-intent/cjm.md	22536	уникальный
10-intent/concept.md	20030	уникальный
10-intent/risks.md	14545	уникальный
10-intent/srs.md	114403	уникальный
10-intent/strs.md	32445	уникальный
10-intent/traceability.md	167244	уникальный
10-intent/ui-spec.md	37504	уникальный
10-intent/use-cases/.generator.md	872	уникальный
10-intent/use-cases/COVERAGE.md	11492	уникальный
10-intent/use-cases/README.md	3189	уникальный
10-intent/use-cases/config-as-code/README.md	1344	уникальный
10-intent/use-cases/correlation-rules/README.md	1265	уникальный
10-intent/use-cases/escalation-chains/README.md	1696	уникальный
10-intent/use-cases/forecast/README.md	1410	уникальный
10-intent/use-cases/gaps/README.md	1344	уникальный
10-intent/use-cases/inventory/README.md	1403	уникальный
10-intent/use-cases/monitors/README.md	2813	уникальный
10-intent/use-cases/night-page/README.md	2632	уникальный
10-intent/use-cases/onboarding/README.md	897	уникальный
10-intent/use-cases/oncall-schedule/README.md	1266	уникальный
10-intent/use-cases/organization/README.md	2295	уникальный
10-intent/use-cases/policy-testing/README.md	1310	уникальный
10-intent/use-cases/postmortem/README.md	1287	уникальный
10-intent/use-cases/shift-handoff/README.md	1792	уникальный
10-intent/use-cases/signal-ingest/README.md	1834	уникальный
10-intent/use-cases/situation-detail/README.md	1652	уникальный
10-intent/use-cases/situation-feed/README.md	1519	уникальный
10-intent/use-cases/status-page/README.md	1737	уникальный
10-intent/use-cases/why-was-i-paged/README.md	1287	уникальный
30-design/architecture.md	44578	уникальный
30-design/data-model.md	274946	уникальный
30-design/events.md	25313	уникальный
30-design/file-tree.md	51913	уникальный
30-design/observability.md	11037	уникальный
30-design/realtime.md	18202	уникальный
30-design/sdd.md	37109	уникальный
30-design/security.md	30366	уникальный
40-proof/acceptance.md	27821	уникальный
40-proof/tdd.md	115749	уникальный
40-proof/test-cases.md	95809	уникальный
40-proof/test-plan.md	21750	уникальный
50-plan/v1.md	24845	уникальный
50-plan/v1/M0.md	23319	уникальный
50-plan/v1/M1.md	22508	уникальный
50-plan/v1/M2.md	18208	уникальный
50-plan/v1/M3.md	8249	уникальный
50-plan/v1/M4.md	6237	уникальный
50-plan/v1/M5.md	7212	уникальный
50-plan/v1/M6.md	7497	уникальный
50-plan/v1/M7.md	8960	уникальный
50-plan/v1/M8.md	8647	уникальный
50-plan/v1/order.md	4926	уникальный
50-plan/v1/red/README.md	7633	уникальный
50-plan/v1/red/order.md	2777	уникальный
50-plan/v1/status.md	14596	уникальный
70-after/onboarding.md	16891	уникальный
70-after/release.md	2356	уникальный
70-after/roadmap.md	24250	уникальный
70-after/runbook.md	17834	уникальный
README.md	21346	уникальный
10-intent/functional/README.md	7167	фича
10-intent/functional/config-as-code.md	9151	фича
10-intent/functional/correlation-rules.md	7267	фича
10-intent/functional/escalation-chains.md	10309	фича
10-intent/functional/forecast.md	9433	фича
10-intent/functional/gaps.md	9352	фича
10-intent/functional/inventory.md	7260	фича
10-intent/functional/monitors.md	16721	фича
10-intent/functional/night-page.md	24670	фича
10-intent/functional/onboarding.md	7151	фича
10-intent/functional/oncall-schedule.md	8501	фича
10-intent/functional/organization.md	18676	фича
10-intent/functional/policy-testing.md	8187	фича
10-intent/functional/postmortem.md	8002	фича
10-intent/functional/shift-handoff.md	16653	фича
10-intent/functional/signal-ingest.md	12883	фича
10-intent/functional/situation-detail.md	8760	фича
10-intent/functional/situation-feed.md	7675	фича
10-intent/functional/status-page.md	14572	фича
10-intent/functional/why-was-i-paged.md	7448	фича
20-surface/README.md	6690	экран
20-surface/configure/README.md	2571	экран
20-surface/configure/agent.md	4698	экран
20-surface/configure/alertmanager.md	2288	экран
20-surface/configure/correlation-rule.md	2117	экран
20-surface/configure/correlation.md	4157	экран
20-surface/configure/escalation.md	6676	экран
20-surface/configure/escalations.md	1272	экран
20-surface/configure/expiry.md	1810	экран
20-surface/configure/gitops.md	3657	экран
20-surface/configure/heartbeats.md	2279	экран
20-surface/configure/integrations.md	1403	экран
20-surface/configure/monitor-new.md	3218	экран
20-surface/configure/monitor.md	4177	экран
20-surface/configure/monitors.md	9111	экран
20-surface/configure/policies.md	1450	экран
20-surface/configure/policy-diff.md	1824	экран
20-surface/configure/policy-new.md	1224	экран
20-surface/configure/policy-replay.md	1762	экран
20-surface/configure/policy-test.md	5052	экран
20-surface/configure/policy.md	2203	экран
20-surface/inventory/README.md	1499	экран
20-surface/inventory/changes.md	3099	экран
20-surface/inventory/dependencies.md	2238	экран
20-surface/inventory/environments.md	1251	экран
20-surface/inventory/instances.md	2808	экран
20-surface/inventory/service.md	2073	экран
20-surface/inventory/services.md	1772	экран
20-surface/inventory/tenants.md	2830	экран
20-surface/mobile/README.md	2501	экран
20-surface/mobile/day-mode.md	1583	экран
20-surface/mobile/empty.md	1499	экран
20-surface/mobile/escalation-banner.md	2504	экран
20-surface/mobile/lockscreen.md	7560	экран
20-surface/mobile/morning-digest.md	17388	экран
20-surface/mobile/offline.md	2825	экран
20-surface/mobile/second-page.md	2264	экран
20-surface/mobile/sheet-handover.md	2228	экран
20-surface/mobile/sheet-postmortem.md	2362	экран
20-surface/mobile/situation.md	5104	экран
20-surface/operate/README.md	1511	экран
20-surface/operate/explorer.md	4145	экран
20-surface/operate/forecast-detail.md	3760	экран
20-surface/operate/forecast.md	8444	экран
20-surface/operate/gaps.md	8916	экран
20-surface/operate/oncall.md	7329	экран
20-surface/operate/postmortem.md	3274	экран
20-surface/operate/postmortems.md	2656	экран
20-surface/operate/shift-accept.md	7071	экран
20-surface/operate/shift-handover.md	5191	экран
20-surface/operate/situation.md	6842	экран
20-surface/operate/situations.md	3327	экран
20-surface/operate/status-page.md	7056	экран
20-surface/operate/why.md	2854	экран
20-surface/settings/README.md	3422	экран
20-surface/settings/account.md	3467	экран
20-surface/settings/api-tokens.md	1089	экран
20-surface/settings/appearance.md	835	экран
20-surface/settings/audit.md	2114	экран
20-surface/settings/billing.md	2509	экран
20-surface/settings/members.md	2554	экран
20-surface/settings/notifications.md	18014	экран
20-surface/settings/organization.md	4830	экран
20-surface/settings/security.md	2403	экран
20-surface/settings/sso.md	1035	экран
20-surface/settings/teams.md	8333	экран
20-surface/shell.md	15857	экран
